,ar,en,zh,de,ko,es,ja,ru,fr
Average Words per Sample,118.86496350364963,50.35090909090909,46.16909090909091,28.905454545454546,29.196363636363635,48.82545454545455,59.263636363636365,34.46,48.876363636363635
Lexical Diversity,0.21219564616660014,0.25349366265843354,0.33253258772102545,0.3528745754182916,0.5326939843068875,0.26301482088329486,0.1966866083755177,0.4186144673666438,0.250018599806562
