                         ,ko                  ,ar                  ,fr                  ,zh                   ,es                   ,ru                 ,de                  ,ja                   ,en
Average Words per Sample ,31.125              ,80.33333333333333   ,51.94456289978678   ,51.385416666666664   ,46.096969696969694   ,34.68143100511073  ,29.526946107784433  ,62.54838709677419    ,51.48717948717949
Lexical Diversity        , 0.6286479250334672 , 0.4902193242442205 , 0.2207946802397176 , 0.30377052503547536 , 0.33670786221404153 , 0.350083505255919 , 0.3391806935712837 , 0.22236548048822416 , 0.2061752988047809
