index,n_text_per_lang,mean_tokens_per_text,n_text_under_100_tokens,ratio_text_under_100_tokens,n_lang,n_text
ar,74,109.0,8,0.5675675675675675,9,3545
de,535,31.62056074766355,82,1.0,9,3545
ja,283,64.19434628975264,148,0.872791519434629,9,3545
ko,268,29.33582089552239,159,0.996268656716418,9,3545
es,417,49.719424460431654,24,0.9688249400479616,9,3545
zh,270,48.67407407407408,181,0.9666666666666667,9,3545
ru,615,36.047154471544715,74,0.9983739837398374,9,3545
en,667,48.13343328335832,39,0.9730134932533733,9,3545
fr,416,49.19471153846154,18,0.9783653846153846,9,3545
