,Average Words per Sample,Lexical Diversity
ar,171.53649635036496,0.0752005276483479
en,63.75090909090909,0.1881185295040356
zh,60.28727272727273,0.19262319802159358
de,50.22,0.21527098946453785
ko,84.66181818181818,0.10570397732153596
es,74.02181818181818,0.17930831204558853
ja,67.2309090909091,0.13416448062309003
ru,66.02909090909091,0.2021147703491574
fr,64.82,0.17090684693276487
